MatricNum,FirstName,LastName
262035972,Portia,Stimmel
847866730,Rhea,Aredondo
981129585,Benedict,Sama
414801793,Alyce,Arias
985315546,Heike,Berganza
751118639,Carey,Dopico
774366862,Dottie,Hellickson
509806211,Deandrea,Hughey
467023800,Kimberlie,Duenas
839639133,Martina,Staback
225764870,Skye,Fillingim
330852767,Jade,Farrar
577538966,Charlene,Hamilton
591176420,Geoffrey,Acey
220084386,Stevie,Westerbeck
464542634,Pamella,Fortino
192600341,Harrison,Haufler
980438709,Johnna,Engelberg
696519337,Buddy,Cloney
712295772,Dalene,Riden
738630087,Jerry,Zurcher
308779711,Haydee,Denooyer
174742073,Joseph,Cryer
742244644,Deonna,Kippley
834663792,Raymon,Calvaresi
577897706,Alecia,Bubash
380870126,Ma,Layous
178869876,Detra,Coyier
621183652,Terrilyn,Rodeigues
889796703,Salome,Lacovara
925481079,Garry,Keetch
917630440,Matthew,Neither
291613577,Theodora,Restrepo
558803676,Noah,Kalafatis
842375184,Carmen,Sweigard
245313954,Lavonda,Hengel
674601153,Junita,Stoltzman
664425801,Herminia,Nicolozakes
289757480,Casie,Good
913348388,Reena,Maisto
353585897,Mirta,Mallett
156856298,Cathrine,Pontoriero
599003641,Filiberto,Tawil
273090807,Raul,Upthegrove
641015372,Sarah,Candlish
222690122,Lucy,Treston
973169031,Judy,Aquas
869718108,Yvonne,Tjepkema
613113172,Kayleigh,Lace
355957764,Felix,Hirpara